Day,Dry Cough,Fever,Chest Pain,Difficulty in breathing,Sore throat,Body Pains and Aches,Diarrhoea,Headache,Loss of taste or smell,Tiredness,Conjuctivits,Rash or skin discolouration,Loss of speech or locomotion,Temperature,Weight,Blood Pressure,Heart Rate,Travelled Internationally,Health Score

1,Yes,Yes,Yes,Yes,Yes,No,Yes,Yes,Yes,Yes,Yes,Yes,No,56,77,56/34,455,No,27.659574468085097

Day,Dry Cough,Fever,Chest Pain,Difficulty in breathing,Sore throat,Body Pains and Aches,Diarrhoea,Headache,Loss of taste or smell,Tiredness,Conjuctivits,Rash or skin discolouration,Loss of speech or locomotion,Temperature,Weight,Blood Pressure,Heart Rate,Travelled Internationally,Health Score

2,Yes,Yes,Yes,No,Yes,Yes,No,Yes,Yes,Yes,Yes,Yes,No,76,44,56/34,33,No,40.42553191489362

Day,Dry Cough,Fever,Chest Pain,Difficulty in breathing,Sore throat,Body Pains and Aches,Diarrhoea,Headache,Loss of taste or smell,Tiredness,Conjuctivits,Rash or skin discolouration,Loss of speech or locomotion,Temperature,Weight,Blood Pressure,Heart Rate,Travelled Internationally,Health Score

3,Yes,Yes,Yes,No,No,Yes,Yes,Yes,Yes,Yes,Yes,Yes,No,55,56,45/23,77,No,38.297872340425535

