Day,Dry Cough,Fever,Chest Pain,Difficulty in breathing,Sore throat,Body Pains and Aches,Diarrhoea,Headache,Loss of taste or smell,Tiredness,Conjuctivits,Rash or skin discolouration,Loss of speech or locomotion,Temperature,Weight,Blood Pressure,Heart Rate,Travelled Internationally,Health Score

1,Yes,Yes,Yes,Yes,Yes,Yes,Yes,Yes,Yes,Yes,No,No,No,79,95,98/52,78,No,34.04255319148936

Day,Dry Cough,Fever,Chest Pain,Difficulty in breathing,Sore throat,Body Pains and Aches,Diarrhoea,Headache,Loss of taste or smell,Tiredness,Conjuctivits,Rash or skin discolouration,Loss of speech or locomotion,Temperature,Weight,Blood Pressure,Heart Rate,Travelled Internationally,Health Score

2,Yes,Yes,Yes,Yes,Yes,Yes,Yes,Yes,Yes,Yes,Yes,No,No,34,45,56/86,35,No,29.787234042553195

Day,Dry Cough,Fever,Chest Pain,Difficulty in breathing,Sore throat,Body Pains and Aches,Diarrhoea,Headache,Loss of taste or smell,Tiredness,Conjuctivits,Rash or skin discolouration,Loss of speech or locomotion,Temperature,Weight,Blood Pressure,Heart Rate,Travelled Internationally,Health Score

3,Yes,Yes,Yes,Yes,Yes,Yes,Yes,Yes,Yes,No,No,No,No,34,54,12/54,32,No,40.42553191489362

Day,Dry Cough,Fever,Chest Pain,Difficulty in breathing,Sore throat,Body Pains and Aches,Diarrhoea,Headache,Loss of taste or smell,Tiredness,Conjuctivits,Rash or skin discolouration,Loss of speech or locomotion,Temperature,Weight,Blood Pressure,Heart Rate,Travelled Internationally,Health Score
,Yes,Yes,Yes,Yes,Yes,Yes,Yes,Yes,Yes,Yes,No,No,No,45,65,23/67,34,No,34.04255319148936
